{
    "name": "root",
    "gauges": {
        "IACarController.Policy.Entropy.mean": {
            "value": 0.06960532814264297,
            "min": 0.056158196181058884,
            "max": 0.10640588402748108,
            "count": 5
        },
        "IACarController.Policy.Entropy.sum": {
            "value": 1036.7713623046875,
            "min": 552.8466186523438,
            "max": 1806.1334228515625,
            "count": 5
        },
        "IACarController.Environment.EpisodeLength.mean": {
            "value": 519.8571428571429,
            "min": 150.2,
            "max": 1326.7777777777778,
            "count": 5
        },
        "IACarController.Environment.EpisodeLength.sum": {
            "value": 7278.0,
            "min": 1502.0,
            "max": 23882.0,
            "count": 5
        },
        "IACarController.Policy.ExtrinsicValueEstimate.mean": {
            "value": -2.249115228652954,
            "min": -4.271135330200195,
            "max": -1.78542959690094,
            "count": 5
        },
        "IACarController.Policy.ExtrinsicValueEstimate.sum": {
            "value": -53.97876739501953,
            "min": -53.97876739501953,
            "max": -38.05317306518555,
            "count": 5
        },
        "IACarController.Environment.CumulativeReward.mean": {
            "value": -7.066666603088379,
            "min": -10.0,
            "max": -4.279999828338623,
            "count": 5
        },
        "IACarController.Environment.CumulativeReward.sum": {
            "value": -105.99999904632568,
            "min": -105.99999904632568,
            "max": -64.19999742507935,
            "count": 5
        },
        "IACarController.Policy.ExtrinsicReward.mean": {
            "value": -7.066666603088379,
            "min": -10.0,
            "max": -4.279999828338623,
            "count": 5
        },
        "IACarController.Policy.ExtrinsicReward.sum": {
            "value": -105.99999904632568,
            "min": -105.99999904632568,
            "max": -64.19999742507935,
            "count": 5
        },
        "IACarController.IsTraining.mean": {
            "value": 1.0,
            "min": 1.0,
            "max": 1.0,
            "count": 5
        },
        "IACarController.IsTraining.sum": {
            "value": 1.0,
            "min": 1.0,
            "max": 1.0,
            "count": 5
        },
        "IACarController.Losses.PolicyLoss.mean": {
            "value": 0.09847996500749734,
            "min": 0.09745275977887279,
            "max": 0.09847996500749734,
            "count": 4
        },
        "IACarController.Losses.PolicyLoss.sum": {
            "value": 0.09847996500749734,
            "min": 0.09745275977887279,
            "max": 0.09847996500749734,
            "count": 4
        },
        "IACarController.Losses.ValueLoss.mean": {
            "value": 0.5334553131630871,
            "min": 0.45929576371134484,
            "max": 1.0770693771859519,
            "count": 4
        },
        "IACarController.Losses.ValueLoss.sum": {
            "value": 0.5334553131630871,
            "min": 0.45929576371134484,
            "max": 1.0770693771859519,
            "count": 4
        },
        "IACarController.Policy.LearningRate.mean": {
            "value": 0.000297271158909614,
            "min": 0.000297271158909614,
            "max": 0.000297497178834274,
            "count": 4
        },
        "IACarController.Policy.LearningRate.sum": {
            "value": 0.000297271158909614,
            "min": 0.000297271158909614,
            "max": 0.000297497178834274,
            "count": 4
        },
        "IACarController.Policy.Epsilon.mean": {
            "value": 0.199090386,
            "min": 0.199090386,
            "max": 0.19916572599999996,
            "count": 4
        },
        "IACarController.Policy.Epsilon.sum": {
            "value": 0.199090386,
            "min": 0.199090386,
            "max": 0.19916572599999996,
            "count": 4
        },
        "IACarController.Policy.Beta.mean": {
            "value": 0.0009909948214000004,
            "min": 0.0009909948214000004,
            "max": 0.0009917406874,
            "count": 4
        },
        "IACarController.Policy.Beta.sum": {
            "value": 0.0009909948214000004,
            "min": 0.0009909948214000004,
            "max": 0.0009917406874,
            "count": 4
        },
        "IACarController.Losses.PretrainingLoss.mean": {
            "value": 0.08168073367650651,
            "min": 0.08168073367650651,
            "max": 0.08508305520363595,
            "count": 4
        },
        "IACarController.Losses.PretrainingLoss.sum": {
            "value": 0.08168073367650651,
            "min": 0.08168073367650651,
            "max": 0.08508305520363595,
            "count": 4
        }
    },
    "metadata": {
        "timer_format_version": "0.1.0",
        "start_time_seconds": "1628322597",
        "python_version": "3.9.6 (tags/v3.9.6:db3ff76, Jun 28 2021, 15:26:21) [MSC v.1929 64 bit (AMD64)]",
        "command_line_arguments": "C:\\Users\\franc\\AppData\\Local\\Programs\\Python\\Python39\\Scripts\\mlagents-learn .\\config\\IACarController.yaml --run-id=SteerLeftBox --resume",
        "mlagents_version": "0.25.1",
        "mlagents_envs_version": "0.25.1",
        "communication_protocol_version": "1.5.0",
        "pytorch_version": "1.9.0+cpu",
        "numpy_version": "1.21.1",
        "end_time_seconds": "1628322664"
    },
    "total": 67.3058824,
    "count": 1,
    "self": 0.006422100000008868,
    "children": {
        "run_training.setup": {
            "total": 0.08300540000000001,
            "count": 1,
            "self": 0.08300540000000001
        },
        "TrainerController.start_learning": {
            "total": 67.21645489999999,
            "count": 1,
            "self": 1.169235199999946,
            "children": {
                "TrainerController._reset_env": {
                    "total": 9.7443414,
                    "count": 1,
                    "self": 8.0390146,
                    "children": {
                        "demo_to_buffer": {
                            "total": 1.7053268,
                            "count": 1,
                            "self": 6.720000000015602e-05,
                            "children": {
                                "load_demonstration": {
                                    "total": 0.019002800000000875,
                                    "count": 1,
                                    "self": 0.018674800000001213,
                                    "children": {
                                        "read_file": {
                                            "total": 0.0003279999999996619,
                                            "count": 1,
                                            "self": 0.0003279999999996619
                                        }
                                    }
                                },
                                "make_demo_buffer": {
                                    "total": 1.686256799999999,
                                    "count": 1,
                                    "self": 0.23894889999999158,
                                    "children": {
                                        "steps_from_proto": {
                                            "total": 1.4473079000000073,
                                            "count": 9442,
                                            "self": 0.9022637999998864,
                                            "children": {
                                                "_process_rank_one_or_two_observation": {
                                                    "total": 0.5450441000001209,
                                                    "count": 37768,